{
  "project_info": {
    "project_number": "895444040670",
    "firebase_url": "https://bmw-display-system.firebaseio.com",
    "project_id": "bmw-display-system",
    "storage_bucket": "bmw-display-system.appspot.com"
  },
  "client": [
    {
      "client_info": {
        "mobilesdk_app_id": "1:895444040670:android:a0130de348d1a25051fb4f",
        "android_client_info": {
          "package_name": "com.example.daher928.bmw_display_system"
        }
      },
      "oauth_client": [
        {
          "client_id": "895444040670-1pct96j003jq5jcb7lnpcf2o91af3bln.apps.googleusercontent.com",
          "client_type": 1,
          "android_info": {
            "package_name": "com.example.daher928.bmw_display_system",
            "certificate_hash": "64af21464ca57bedc020932a162e4772015eedb6"
          }
        },
        {
          "client_id": "895444040670-fofiee66gdsp1q0v12dm9m1k114jceue.apps.googleusercontent.com",
          "client_type": 3
        }
      ],
      "api_key": [
        {
          "current_key": "AIzaSyAWsUjCHRUQ9rsHlhawQQuOwvVa3NQWAp8"
        }
      ],
      "services": {
        "appinvite_service": {
          "other_platform_oauth_client": [
            {
              "client_id": "895444040670-fofiee66gdsp1q0v12dm9m1k114jceue.apps.googleusercontent.com",
              "client_type": 3
            }
          ]
        }
      }
    }
  ],
  "configuration_version": "1"
}